Customer ID,first_name,last_name,state
894,Ursula,Lee,Wisconsin
895,Samuel,Clark,Wisconsin
896,Patrick,Scott,Wisconsin
897,Mia,Davis,Wisconsin
898,Jake,Davis,Wisconsin
889,Tara,Sanchez,West Virginia
890,Rachel,Davis,West Virginia
891,Olivia,Adams,West Virginia
892,Leo,Smith,West Virginia
893,Isla,Smith,West Virginia
884,Samuel,Walker,Washington
885,Quinn,Walker,Washington
886,Noah,Reed,Washington
887,Kayla,Reed,Washington
888,Henry,Green,Washington
879,Rachel,Brooks,Virginia
880,Patrick,Hall,Virginia
881,Mia,Martin,Virginia
882,Jake,Green,Virginia
883,Gina,Reed,Virginia
874,Quinn,Hayes,Vermont
875,Olivia,Hughes,Vermont
876,Leo,Green,Vermont
877,Isla,Brown,Vermont
878,Felix,Davis,Vermont
869,Patrick,Murphy,Utah
870,Noah,Foster,Utah
871,Kayla,Lewis,Utah
872,Henry,Smith,Utah
873,Ella,Brown,Utah
701,Olivia,Barnes,Texas
702,Mia,Cooper,Texas
703,Jake,Scott,Texas
704,Gina,Davis,Texas
705,Daniel,Johnson,Texas
706,Leo,Davis,Texas
707,Patrick,Smith,Texas
708,Tara,Reed,Texas
709,Xavier,Brown,Texas
710,Brian,Davis,Texas
711,Fred,Davis,Texas
712,Jack,Johnson,Texas
713,Nathan,Davis,Texas
714,Rachel,Johnson,Texas
715,Victoria,Davis,Texas
716,Zackary,Smith,Texas
717,Daniel,Davis,Texas
718,Henry,Reed,Texas
719,Leo,Reed,Texas
720,Patrick,Reed,Texas
721,Tara,Reed,Texas
722,Xavier,Reed,Texas
723,Brian,Smith,Texas
724,Fred,Brown,Texas
725,Jack,Davis,Texas
726,Nathan,Reed,Texas
727,Rachel,Johnson,Texas
728,Victoria,Smith,Texas
729,Zackary,Davis,Texas
730,Daniel,Reed,Texas
731,Henry,Davis,Texas
732,Brian,Wright,Texas
733,Frank,Rivera,Texas
734,Jack,Hughes,Texas
735,Nathan,Foster,Texas
736,Rachel,Bailey,Texas
737,Victor,Adams,Texas
738,Zackary,Walker,Texas
739,Daniel,Parker,Texas
740,Henry,Martin,Texas
741,Leo,Torres,Texas
742,Patrick,Rogers,Texas
743,Tara,Mitchell,Texas
744,Xavier,Davis,Texas
745,Brian,Foster,Texas
746,Frank,Bailey,Texas
747,Jack,Davis,Texas
748,Nathan,Lee,Texas
749,Rachel,Green,Texas
750,Victor,Scott,Texas
751,Zackary,Brown,Texas
752,Daniel,Brown,Texas
753,Henry,Carter,Texas
754,Leo,Harris,Texas
755,Patrick,Davis,Texas
756,Tara,Green,Texas
757,Xavier,Taylor,Texas
758,Brian,Smith,Texas
759,Frank,Turner,Texas
760,Jack,Green,Texas
761,Nathan,Smith,Texas
762,Rachel,Turner,Texas
763,Victor,Reed,Texas
764,Zackary,Wilson,Texas
765,Daniel,Scott,Texas
766,Henry,Clark,Texas
767,Leo,Smith,Texas
768,Patrick,Reed,Texas
769,Tara,Reed,Texas
770,Xavier,Reed,Texas
771,Brian,Green,Texas
772,Frank,Reed,Texas
773,Jack,Smith,Texas
774,Nathan,Wilson,Texas
775,Rachel,Johnson,Texas
776,Victor,Green,Texas
777,Zackary,Brown,Texas
778,Daniel,Wilson,Texas
779,Henry,Reed,Texas
780,Leo,Turner,Texas
781,Patrick,Smith,Texas
782,Tara,Scott,Texas
783,Xavier,Scott,Texas
784,Brian,Davis,Texas
785,Frank,Davis,Texas
786,Jack,Reed,Texas
787,Nathan,Reed,Texas
788,Rachel,Turner,Texas
789,Victor,Davis,Texas
790,Zackary,Scott,Texas
791,Daniel,Turner,Texas
792,Henry,Turner,Texas
793,Leo,Reed,Texas
794,Patrick,Reed,Texas
795,Tara,Davis,Texas
796,Xavier,Brown,Texas
797,Brian,Scott,Texas
798,Frank,Scott,Texas
799,Jack,Harris,Texas
800,Nathan,Green,Texas
801,Rachel,Scott,Texas
802,Victor,Turner,Texas
803,Zackary,Turner,Texas
804,Daniel,Reed,Texas
805,Henry,Harris,Texas
806,Leo,Scott,Texas
807,Patrick,Davis,Texas
808,Tara,Reed,Texas
809,Xavier,Davis,Texas
810,Brian,Davis,Texas
811,Frank,Reed,Texas
812,Jack,Reed,Texas
813,Nathan,Reed,Texas
814,Rachel,Davis,Texas
815,Victor,Green,Texas
816,Zackary,Turner,Texas
817,Daniel,Davis,Texas
818,Henry,Turner,Texas
819,Leo,Davis,Texas
820,Patrick,Scott,Texas
821,Tara,Scott,Texas
822,Xavier,Reed,Texas
823,Brian,Reed,Texas
824,Frank,Turner,Texas
825,Jack,Davis,Texas
826,Nathan,Turner,Texas
827,Rachel,Davis,Texas
828,Victor,Scott,Texas
829,Zackary,Reed,Texas
830,Daniel,Green,Texas
831,Henry,Turner,Texas
832,Leo,Turner,Texas
833,Patrick,Davis,Texas
834,Tara,Davis,Texas
835,Xavier,Davis,Texas
836,Brian,Davis,Texas
837,Frank,Reed,Texas
838,Jack,Turner,Texas
839,Nathan,Scott,Texas
840,Rachel,Scott,Texas
841,Victor,Davis,Texas
842,Zackary,Davis,Texas
843,Daniel,Reed,Texas
844,Henry,Reed,Texas
845,Leo,Scott,Texas
846,Patrick,Green,Texas
847,Tara,Reed,Texas
848,Xavier,Reed,Texas
849,Brian,Reed,Texas
850,Frank,Turner,Texas
851,Jack,Green,Texas
852,Nathan,Turner,Texas
853,Rachel,Davis,Texas
854,Victor,Green,Texas
855,Zackary,Davis,Texas
856,Daniel,Davis,Texas
857,Henry,Turner,Texas
858,Leo,Davis,Texas
859,Patrick,Reed,Texas
860,Tara,Turner,Texas
861,Xavier,Turner,Texas
862,Brian,Davis,Texas
863,Frank,Reed,Texas
864,Jack,Turner,Texas
865,Nathan,Scott,Texas
866,Rachel,Scott,Texas
867,Victor,Scott,Texas
868,Zackary,Reed,Texas
696,Noah,Murphy,Tennessee
697,Leo,Adams,Tennessee
698,Isla,Reed,Tennessee
699,Felix,Scott,Tennessee
700,Chloe,Smith,Tennessee
691,Mia,Collins,South Dakota
692,Kayla,Stewart,South Dakota
693,Henry,Harris,South Dakota
694,Ella,Reed,South Dakota
695,Benjamin,Davis,South Dakota
686,Leo,Ramirez,South Carolina
687,Jake,Miller,South Carolina
688,Gina,Brown,South Carolina
689,Daniel,Green,South Carolina
690,Abigail,Reed,South Carolina
681,Kayla,Morris,Rhode Island
682,Isla,Clark,Rhode Island
683,Felix,Johnson,Rhode Island
684,Chloe,Adams,Rhode Island
685,Zackary,Johnson,Rhode Island
676,Jake,Cole,Pennsylvania
677,Henry,Johnson,Pennsylvania
678,Ella,Davis,Pennsylvania
679,Benjamin,Brown,Pennsylvania
680,Yara,Davis,Pennsylvania
671,Isla,Turner,Oregon
672,Gina,Hill,Oregon
673,Daniel,Smith,Oregon
674,Abigail,Johnson,Oregon
675,Xena,Brown,Oregon
666,Henry,Turner,Oklahoma
667,Felix,Smith,Oklahoma
668,Chloe,Reed,Oklahoma
669,Zackary,Davis,Oklahoma
670,William,Smith,Oklahoma
498,Gina,Foster,Ohio
499,Ella,James,Ohio
500,Benjamin,Adams,Ohio
501,Yara,Brown,Ohio
502,Victoria,Reed,Ohio
503,Mia,Reed,Ohio
504,Quinn,Johnson,Ohio
505,Ursula,Smith,Ohio
506,Yvonne,Davis,Ohio
507,Cynthia,Reed,Ohio
508,Grace,Reed,Ohio
509,Karen,Davis,Ohio
510,Olivia,Reed,Ohio
511,Steve,Smith,Ohio
512,William,Brown,Ohio
513,Abigail,Davis,Ohio
514,Ella,Smith,Ohio
515,Isla,Davis,Ohio
516,Mia,Smith,Ohio
517,Quinn,Brown,Ohio
518,Ursula,Davis,Ohio
519,Yvonne,Smith,Ohio
520,Cynthia,Davis,Ohio
521,Grace,Davis,Ohio
522,Karen,Reed,Ohio
523,Olivia,Smith,Ohio
524,Steve,Brown,Ohio
525,William,Davis,Ohio
526,Abigail,Reed,Ohio
527,Ella,Davis,Ohio
528,Isla,Smith,Ohio
529,Carla,Murphy,Ohio
530,Gina,Coleman,Ohio
531,Kelly,Brooks,Ohio
532,Olivia,Bennett,Ohio
533,Samuel,Moore,Ohio
534,Wendy,Davis,Ohio
535,Alicia,Green,Ohio
536,Ella,Mitchell,Ohio
537,Isabella,Foster,Ohio
538,Mia,Rivera,Ohio
539,Quinn,Scott,Ohio
540,Ursula,Green,Ohio
541,Yvonne,Clark,Ohio
542,Carla,Turner,Ohio
543,Gina,Adams,Ohio
544,Kelly,Martinez,Ohio
545,Olivia,Clark,Ohio
546,Samuel,Harris,Ohio
547,Wendy,Adams,Ohio
548,Alicia,Scott,Ohio
549,Ella,Scott,Ohio
550,Isabella,Brown,Ohio
551,Mia,Brown,Ohio
552,Quinn,Harris,Ohio
553,Ursula,Scott,Ohio
554,Yvonne,Reed,Ohio
555,Carla,Davis,Ohio
556,Gina,Clark,Ohio
557,Kelly,Davis,Ohio
558,Olivia,Green,Ohio
559,Samuel,Green,Ohio
560,Wendy,Scott,Ohio
561,Alicia,Green,Ohio
562,Ella,Reed,Ohio
563,Isabella,Reed,Ohio
564,Mia,Davis,Ohio
565,Quinn,Green,Ohio
566,Ursula,Smith,Ohio
567,Yvonne,Green,Ohio
568,Carla,Johnson,Ohio
569,Gina,Scott,Ohio
570,Kelly,Green,Ohio
571,Olivia,Brown,Ohio
572,Samuel,Turner,Ohio
573,Wendy,Reed,Ohio
574,Alicia,Davis,Ohio
575,Ella,Scott,Ohio
576,Isabella,Scott,Ohio
577,Mia,Green,Ohio
578,Quinn,Davis,Ohio
579,Ursula,Turner,Ohio
580,Yvonne,Turner,Ohio
581,Carla,Green,Ohio
582,Gina,Turner,Ohio
583,Kelly,Scott,Ohio
584,Olivia,Scott,Ohio
585,Samuel,Scott,Ohio
586,Wendy,Turner,Ohio
587,Alicia,Green,Ohio
588,Ella,Harris,Ohio
589,Isabella,Davis,Ohio
590,Mia,Davis,Ohio
591,Quinn,Davis,Ohio
592,Ursula,Green,Ohio
593,Yvonne,Green,Ohio
594,Carla,Reed,Ohio
595,Gina,Davis,Ohio
596,Kelly,Davis,Ohio
597,Olivia,Davis,Ohio
598,Samuel,Davis,Ohio
599,Wendy,Davis,Ohio
600,Alicia,Smith,Ohio
601,Ella,Scott,Ohio
602,Isabella,Reed,Ohio
603,Mia,Reed,Ohio
604,Quinn,Reed,Ohio
605,Ursula,Davis,Ohio
606,Yvonne,Turner,Ohio
607,Carla,Scott,Ohio
608,Gina,Smith,Ohio
609,Kelly,Turner,Ohio
610,Olivia,Scott,Ohio
611,Samuel,Scott,Ohio
612,Wendy,Davis,Ohio
613,Alicia,Green,Ohio
614,Ella,Green,Ohio
615,Isabella,Davis,Ohio
616,Mia,Reed,Ohio
617,Quinn,Reed,Ohio
618,Ursula,Reed,Ohio
619,Yvonne,Davis,Ohio
620,Carla,Davis,Ohio
621,Gina,Reed,Ohio
622,Kelly,Green,Ohio
623,Olivia,Reed,Ohio
624,Samuel,Turner,Ohio
625,Wendy,Reed,Ohio
626,Alicia,Scott,Ohio
627,Ella,Davis,Ohio
628,Isabella,Green,Ohio
629,Mia,Scott,Ohio
630,Quinn,Scott,Ohio
631,Ursula,Reed,Ohio
632,Yvonne,Scott,Ohio
633,Carla,Green,Ohio
634,Gina,Davis,Ohio
635,Kelly,Reed,Ohio
636,Olivia,Green,Ohio
637,Samuel,Reed,Ohio
638,Wendy,Reed,Ohio
639,Alicia,Smith,Ohio
640,Ella,Scott,Ohio
641,Isabella,Davis,Ohio
642,Mia,Davis,Ohio
643,Quinn,Davis,Ohio
644,Ursula,Davis,Ohio
645,Yvonne,Davis,Ohio
646,Carla,Davis,Ohio
647,Gina,Reed,Ohio
648,Kelly,Davis,Ohio
649,Olivia,Reed,Ohio
650,Samuel,Turner,Ohio
651,Wendy,Scott,Ohio
652,Alicia,Scott,Ohio
653,Ella,Green,Ohio
654,Isabella,Reed,Ohio
655,Mia,Reed,Ohio
656,Quinn,Scott,Ohio
657,Ursula,Green,Ohio
658,Yvonne,Scott,Ohio
659,Carla,Scott,Ohio
660,Gina,Davis,Ohio
661,Kelly,Green,Ohio
662,Olivia,Green,Ohio
663,Samuel,Reed,Ohio
664,Wendy,Reed,Ohio
665,Alicia,Smith,Ohio
493,Felix,Carter,North Dakota
494,Daniel,Young,North Dakota
495,Abigail,Wilson,North Dakota
496,Xena,Smith,North Dakota
497,Ulysses,Davis,North Dakota
488,Ella,Sanders,North Carolina
489,Chloe,Nelson,North Carolina
490,Zackary,Green,North Carolina
491,William,Green,North Carolina
492,Tina,Johnson,North Carolina
320,Daniel,Hughes,New York
321,Benjamin,Hall,New York
322,Yara,Clark,New York
323,Victoria,Scott,New York
324,Steve,Davis,New York
325,Noah,Smith,New York
326,Rachel,Brown,New York
327,Victor,Johnson,New York
328,Zachary,Reed,New York
329,Derek,Johnson,New York
330,Hugo,Smith,New York
331,Liam,Brown,New York
332,Paul,Smith,New York
333,Tina,Reed,New York
334,Xena,Davis,New York
335,Benjamin,Smith,New York
336,Felix,Brown,New York
337,Jake,Smith,New York
338,Noah,Davis,New York
339,Rachel,Davis,New York
340,Victor,Smith,New York
341,Zachary,Davis,New York
342,Derek,Reed,New York
343,Hugo,Reed,New York
344,Liam,Smith,New York
345,Paul,Davis,New York
346,Tina,Davis,New York
347,Xena,Reed,New York
348,Benjamin,Davis,New York
349,Felix,Smith,New York
350,Jake,Reed,New York
351,Derek,Young,New York
352,Henry,Watson,New York
353,Liam,Rogers,New York
354,Peter,Peterson,New York
355,Tara,Powell,New York
356,Xavier,Harris,New York
357,Benjamin,Wilson,New York
358,Felix,Adams,New York
359,Jake,Hernandez,New York
360,Noah,Watson,New York
361,Rachel,Davis,New York
362,Victor,Lee,New York
363,Zackary,Smith,New York
364,Derek,Clark,New York
365,Henry,Green,New York
366,Liam,Brown,New York
367,Peter,Davis,New York
368,Tara,Walker,New York
369,Xavier,Wilson,New York
370,Benjamin,Turner,New York
371,Felix,Lee,New York
372,Jake,Martin,New York
373,Noah,Clark,New York
374,Rachel,Adams,New York
375,Victor,Adams,New York
376,Zackary,Green,New York
377,Derek,Walker,New York
378,Henry,Harris,New York
379,Liam,Johnson,New York
380,Peter,Reed,New York
381,Tara,Harris,New York
382,Xavier,Adams,New York
383,Benjamin,Davis,New York
384,Felix,Turner,New York
385,Jake,Brown,New York
386,Noah,Green,New York
387,Rachel,Brown,New York
388,Victor,Davis,New York
389,Zackary,Davis,New York
390,Derek,Brown,New York
391,Henry,Wilson,New York
392,Liam,Reed,New York
393,Peter,Green,New York
394,Tara,Davis,New York
395,Xavier,Harris,New York
396,Benjamin,Reed,New York
397,Felix,Johnson,New York
398,Jake,Davis,New York
399,Noah,Davis,New York
400,Rachel,Green,New York
401,Victor,Reed,New York
402,Zackary,Green,New York
403,Derek,Smith,New York
404,Henry,Scott,New York
405,Liam,Turner,New York
406,Peter,Davis,New York
407,Tara,Reed,New York
408,Xavier,Reed,New York
409,Benjamin,Reed,New York
410,Felix,Green,New York
411,Jake,Scott,New York
412,Noah,Scott,New York
413,Rachel,Harris,New York
414,Victor,Scott,New York
415,Zackary,Reed,New York
416,Derek,Davis,New York
417,Henry,Reed,New York
418,Liam,Reed,New York
419,Peter,Reed,New York
420,Tara,Green,New York
421,Xavier,Reed,New York
422,Benjamin,Green,New York
423,Felix,Turner,New York
424,Jake,Turner,New York
425,Noah,Turner,New York
426,Rachel,Green,New York
427,Victor,Harris,New York
428,Zackary,Harris,New York
429,Derek,Turner,New York
430,Henry,Davis,New York
431,Liam,Davis,New York
432,Peter,Turner,New York
433,Tara,Turner,New York
434,Xavier,Scott,New York
435,Benjamin,Reed,New York
436,Felix,Harris,New York
437,Jake,Scott,New York
438,Noah,Turner,New York
439,Rachel,Turner,New York
440,Victor,Davis,New York
441,Zackary,Scott,New York
442,Derek,Green,New York
443,Henry,Smith,New York
444,Liam,Reed,New York
445,Peter,Scott,New York
446,Tara,Reed,New York
447,Xavier,Davis,New York
448,Benjamin,Turner,New York
449,Felix,Scott,New York
450,Jake,Davis,New York
451,Noah,Reed,New York
452,Rachel,Reed,New York
453,Victor,Turner,New York
454,Zackary,Turner,New York
455,Derek,Scott,New York
456,Henry,Green,New York
457,Liam,Davis,New York
458,Peter,Davis,New York
459,Tara,Green,New York
460,Xavier,Green,New York
461,Benjamin,Reed,New York
462,Felix,Davis,New York
463,Jake,Green,New York
464,Noah,Reed,New York
465,Rachel,Turner,New York
466,Victor,Scott,New York
467,Zackary,Turner,New York
468,Derek,Green,New York
469,Henry,Davis,New York
470,Liam,Reed,New York
471,Peter,Scott,New York
472,Tara,Reed,New York
473,Xavier,Reed,New York
474,Benjamin,Reed,New York
475,Felix,Reed,New York
476,Jake,Scott,New York
477,Noah,Turner,New York
478,Rachel,Reed,New York
479,Victor,Reed,New York
480,Zackary,Green,New York
481,Derek,Turner,New York
482,Henry,Scott,New York
483,Liam,Davis,New York
484,Peter,Davis,New York
485,Tara,Davis,New York
486,Xavier,Davis,New York
487,Benjamin,Green,New York
315,Chloe,Cooper,New Mexico
316,Abigail,Davis,New Mexico
317,Xena,Johnson,New Mexico
318,Ulysses,Clark,New Mexico
319,Rachel,Smith,New Mexico
310,Benjamin,Harris,New Jersey
311,Zackary,Adams,New Jersey
312,William,Martin,New Jersey
313,Tina,Adams,New Jersey
314,Quinn,Green,New Jersey
305,Abigail,Bailey,New Hampshire
306,Yara,Scott,New Hampshire
307,Victoria,Lewis,New Hampshire
308,Steve,Green,New Hampshire
309,Paul,Brown,New Hampshire
300,Zackary,Brooks,Nevada
301,Xena,Parker,Nevada
302,Ulysses,Brown,Nevada
303,Rachel,Reed,Nevada
304,Olivia,Smith,Nevada
295,Yara,Lee,Nebraska
296,William,Reed,Nebraska
297,Tina,Davis,Nebraska
298,Quinn,Davis,Nebraska
299,Nathan,Reed,Nebraska
290,Xena,Reed,Montana
291,Victoria,Murphy,Montana
292,Steve,Harris,Montana
293,Paul,Adams,Montana
294,Monica,Davis,Montana
285,William,Phillips,Missouri
286,Ulysses,Lewis,Missouri
287,Rachel,Bell,Missouri
288,Olivia,Johnson,Missouri
289,Liam,Smith,Missouri
280,Victoria,Turner,Mississippi
281,Tina,Martin,Mississippi
282,Quinn,Scott,Mississippi
283,Nathan,Green,Mississippi
284,Karen,Brown,Mississippi
275,Ulysses,Parker,Minnesota
276,Steve,Turner,Minnesota
277,Paul,Martinez,Minnesota
278,Monica,Reed,Minnesota
279,Jack,Davis,Minnesota
270,Tina,Evans,Michigan
271,Rachel,Lewis,Michigan
272,Olivia,Lee,Michigan
273,Liam,Davis,Michigan
274,Ivy,Green,Michigan
265,Steve,Baker,Massachusetts
266,Quinn,Cooper,Massachusetts
267,Nathan,Hill,Massachusetts
268,Karen,Smith,Massachusetts
269,Hugo,Brown,Massachusetts
260,Rachel,Green,Maryland
261,Paul,Bell,Maryland
262,Monica,King,Maryland
263,Jack,Green,Maryland
264,Grace,Johnson,Maryland
255,Quinn,Rogers,Maine
256,Olivia,Ward,Maine
257,Liam,Hughes,Maine
258,Ivy,Scott,Maine
259,Fred,Reed,Maine
250,Paul,Baker,Louisiana
251,Nathan,Clark,Louisiana
252,Karen,King,Louisiana
253,Hugo,King,Louisiana
254,Erin,Davis,Louisiana
245,Olivia,Adams,Kentucky
246,Monica,Wood,Kentucky
247,Jack,Reed,Kentucky
248,Grace,Brown,Kentucky
249,Derek,Scott,Kentucky
240,Nathan,Wright,Kansas
241,Liam,Watson,Kansas
242,Ivy,Morris,Kansas
243,Fred,Johnson,Kansas
244,Cynthia,Green,Kansas
235,Mona,Scott,Iowa
236,Karen,Mitchell,Iowa
237,Hugo,Lewis,Iowa
238,Erin,Reed,Iowa
239,Brian,Brown,Iowa
230,Liam,King,Indiana
231,Jack,Parker,Indiana
232,Grace,King,Indiana
233,Derek,Adams,Indiana
234,Amelia,Davis,Indiana
225,Karen,Young,Illinois
226,Ivy,James,Illinois
227,Fred,Martin,Illinois
228,Cynthia,Reed,Illinois
229,Zachary,Scott,Illinois
220,Jack,Allen,Idaho
221,Hugo,Edwards,Idaho
222,Erin,Brown,Idaho
223,Brian,Lewis,Idaho
224,Yvonne,Reed,Idaho
215,Ivy,Hall,Hawaii
216,Grace,Scott,Hawaii
217,Derek,Taylor,Hawaii
218,Amelia,Green,Hawaii
219,Xavier,Davis,Hawaii
210,Henry,Walker,Georgia
211,Fred,Harris,Georgia
212,Cynthia,Wilson,Georgia
213,Zachary,Wilson,Georgia
214,Wanda,Green,Georgia
205,Grace,Martinez,Florida
206,Erin,Stewart,Florida
207,Brian,Davis,Florida
208,Yvonne,Smith,Florida
209,Victor,Reed,Florida
200,Frank,Lewis,Delaware
201,Derek,Robinson,Delaware
202,Amelia,Hill,Delaware
203,Xavier,Green,Delaware
204,Ursula,Davis,Delaware
195,Emily,Clark,Connecticut
196,Cynthia,Bell,Connecticut
197,Zachary,Murphy,Connecticut
198,Wanda,Martin,Connecticut
199,Tara,Smith,Connecticut
190,David,Wilson,Colorado
191,Brian,White,Colorado
192,Yvonne,Turner,Colorado
193,Victor,Adams,Colorado
194,Samuel,Adams,Colorado
21,Carol,Davis,California
22,Victor,Cruz,California
23,Amelia,Ross,California
24,Xavier,Hughes,California
25,Ursula,Brown,California
26,Rachel,Johnson,California
27,Kayla,Brown,California
28,Olivia,Davis,California
29,Samuel,Davis,California
30,Wanda,Davis,California
31,Amelia,Smith,California
32,Erin,Brown,California
33,Ivy,Davis,California
34,Monica,Smith,California
35,Quinn,Davis,California
36,Ulysses,Smith,California
37,Yara,Reed,California
38,Chloe,Reed,California
39,Gina,Davis,California
40,Kayla,Davis,California
41,Olivia,Smith,California
42,Samuel,Smith,California
43,Wanda,Davis,California
44,Amelia,Reed,California
45,Erin,Johnson,California
46,Ivy,Smith,California
47,Monica,Davis,California
48,Quinn,Reed,California
49,Ulysses,Reed,California
50,Yara,Smith,California
51,Chloe,Smith,California
52,Gina,Reed,California
53,Amanda,Roberts,California
54,Emma,Phillips,California
55,Iris,Richardson,California
56,Monica,Phillips,California
57,Quinn,Rogers,California
58,Ulysses,Rogers,California
59,Yvonne,Turner,California
60,Chloe,Morris,California
61,Grace,Ramirez,California
62,Kayla,Lee,California
63,Olivia,Miller,California
64,Samuel,Brown,California
65,Wanda,Reed,California
66,Alicia,Carter,California
67,Emma,Johnson,California
68,Iris,Taylor,California
69,Monica,Reed,California
70,Quinn,Adams,California
71,Ulysses,Morris,California
72,Yvonne,Harris,California
73,Chloe,Rogers,California
74,Grace,Adams,California
75,Kayla,Reed,California
76,Olivia,Turner,California
77,Samuel,Lee,California
78,Wanda,Wilson,California
79,Alicia,Mitchell,California
80,Emma,Brown,California
81,Iris,Reed,California
82,Monica,Turner,California
83,Quinn,Wilson,California
84,Ulysses,Clark,California
85,Yvonne,Brown,California
86,Chloe,Johnson,California
87,Grace,Wilson,California
88,Kayla,Turner,California
89,Olivia,Wilson,California
90,Samuel,Davis,California
91,Wanda,Brown,California
92,Alicia,Reed,California
93,Emma,Davis,California
94,Iris,Harris,California
95,Monica,Scott,California
96,Quinn,Reed,California
97,Ulysses,Scott,California
98,Yvonne,Smith,California
99,Chloe,Turner,California
100,Grace,Turner,California
101,Kayla,Smith,California
102,Olivia,Reed,California
103,Samuel,Reed,California
104,Wanda,Harris,California
105,Alicia,Smith,California
106,Emma,Reed,California
107,Iris,Green,California
108,Monica,Brown,California
109,Quinn,Green,California
110,Ulysses,Green,California
111,Yvonne,Davis,California
112,Chloe,Davis,California
113,Grace,Reed,California
114,Kayla,Green,California
115,Olivia,Turner,California
116,Samuel,Turner,California
117,Wanda,Reed,California
118,Alicia,Davis,California
119,Emma,Turner,California
120,Iris,Turner,California
121,Monica,Scott,California
122,Quinn,Turner,California
123,Ulysses,Reed,California
124,Yvonne,Scott,California
125,Chloe,Davis,California
126,Grace,Davis,California
127,Kayla,Davis,California
128,Olivia,Green,California
129,Samuel,Turner,California
130,Wanda,Scott,California
131,Alicia,Reed,California
132,Emma,Green,California
133,Iris,Scott,California
134,Monica,Green,California
135,Quinn,Green,California
136,Ulysses,Reed,California
137,Yvonne,Reed,California
138,Chloe,Turner,California
139,Grace,Reed,California
140,Kayla,Green,California
141,Olivia,Davis,California
142,Samuel,Green,California
143,Wanda,Turner,California
144,Alicia,Turner,California
145,Emma,Scott,California
146,Iris,Turner,California
147,Monica,Scott,California
148,Quinn,Green,California
149,Ulysses,Davis,California
150,Yvonne,Green,California
151,Chloe,Reed,California
152,Grace,Reed,California
153,Kayla,Reed,California
154,Olivia,Turner,California
155,Samuel,Green,California
156,Wanda,Green,California
157,Alicia,Reed,California
158,Emma,Turner,California
159,Iris,Davis,California
160,Monica,Reed,California
161,Quinn,Turner,California
162,Ulysses,Turner,California
163,Yvonne,Turner,California
164,Chloe,Green,California
165,Grace,Turner,California
166,Kayla,Reed,California
167,Olivia,Turner,California
168,Samuel,Scott,California
169,Wanda,Turner,California
170,Alicia,Green,California
171,Emma,Scott,California
172,Iris,Turner,California
173,Monica,Scott,California
174,Quinn,Green,California
175,Ulysses,Davis,California
176,Yvonne,Turner,California
177,Chloe,Turner,California
178,Grace,Davis,California
179,Kayla,Green,California
180,Olivia,Davis,California
181,Samuel,Davis,California
182,Wanda,Davis,California
183,Alicia,Reed,California
184,Emma,Green,California
185,Iris,Reed,California
186,Monica,Reed,California
187,Quinn,Turner,California
188,Ulysses,Green,California
189,Yvonne,Turner,California
16,Bob,Brown,Arkansas
17,Zachary,Hughes,Arkansas
18,Wanda,Reed,Arkansas
19,Tara,Clark,Arkansas
20,Quinn,Smith,Arkansas
11,Alice,Johnson,Arizona
12,Yvonne,Griffin,Arizona
13,Victor,Scott,Arizona
14,Samuel,Reed,Arizona
15,Patrick,Reed,Arizona
6,Jane,Doe,Alaska
7,Xavier,Wright,Alaska
8,Ursula,Turner,Alaska
9,Rachel,Lewis,Alaska
10,Olivia,Brown,Alaska
1,John,Smith,Alabama
2,Wanda,Fisher,Alabama
3,Tara,Green,Alabama
4,Quinn,Johnson,Alabama
5,Noah,Green,Alabama